{"cameraMode":{"drawMode":0,"name":"Shaded","section":"Shading Mode"},"sceneLighting":false,"audioPlay":false,"sceneViewState":{"showFog":true,"showMaterialUpdate":false,"showSkybox":true,"showFlares":true,"showImageEffects":true,"showParticleSystems":true},"in2DMode":false,"pivot":{"x":-32.20785140991211,"y":4.530362606048584,"z":-13.818824768066407},"rotation":{"x":-0.010126490145921708,"y":-0.9809694290161133,"z":0.18643417954444886,"w":-0.053280651569366458},"size":-0.8701488375663757,"orthographic":false}