{"cameraMode":{"drawMode":0,"name":"Shaded","section":"Shading Mode"},"sceneLighting":false,"audioPlay":false,"sceneViewState":{"showFog":true,"showMaterialUpdate":false,"showSkybox":false,"showFlares":true,"showImageEffects":true,"showParticleSystems":true},"in2DMode":false,"pivot":{"x":0.08963143825531006,"y":0.1491866111755371,"z":0.061283230781555179},"rotation":{"x":0.020118171349167825,"y":-0.9798650741577148,"z":0.13758571445941926,"w":0.14328283071517945},"size":5.36927604675293,"orthographic":false}