{"cameraMode":{"drawMode":0,"name":"Shaded","section":"Shading Mode"},"sceneLighting":false,"audioPlay":false,"sceneViewState":{"showFog":true,"showMaterialUpdate":false,"showSkybox":false,"showFlares":true,"showImageEffects":true,"showParticleSystems":true},"in2DMode":false,"pivot":{"x":-16.760000228881837,"y":13.319999694824219,"z":-33.27000045776367},"rotation":{"x":-0.06321308016777039,"y":-0.041623931378126147,"z":0.0026382855139672758,"w":-0.9971281886100769},"size":2.8578836917877199,"orthographic":false}